{"cameraMode":{"drawMode":0,"name":"Shaded","section":"Shading Mode"},"sceneLighting":true,"audioPlay":false,"sceneViewState":{"m_AlwaysRefresh":false,"showFog":false,"showSkybox":true,"showFlares":false,"showImageEffects":true,"showParticleSystems":false,"showVisualEffectGraphs":true,"m_FxEnabled":true},"in2DMode":false,"pivot":{"x":2.3299999237060549,"y":3.7200002670288088,"z":2.2100000381469728},"rotation":{"x":-0.060376036912202838,"y":-0.9213061332702637,"z":0.15909713506698609,"w":-0.349629282951355},"size":6.982370853424072,"orthographic":true}