{"cameraMode":{"drawMode":0,"name":"Shaded","section":"Shading Mode"},"sceneLighting":false,"audioPlay":false,"sceneViewState":{"m_AlwaysRefresh":false,"showFog":false,"showSkybox":false,"showFlares":false,"showImageEffects":true,"showParticleSystems":false,"showVisualEffectGraphs":true,"m_FxEnabled":true},"in2DMode":false,"pivot":{"x":-1.1920928955078126e-7,"y":0.9158537983894348,"z":0.05773702263832092},"rotation":{"x":0.1410737782716751,"y":-0.8555763363838196,"z":0.3089233636856079,"w":0.39072945713996889},"size":1.3126102685928345,"orthographic":true}