{"cameraMode":{"drawMode":0,"name":"Shaded","section":"Shading Mode"},"sceneLighting":false,"audioPlay":false,"sceneViewState":{"m_AlwaysRefresh":false,"showFog":false,"showSkybox":false,"showFlares":false,"showImageEffects":true,"showParticleSystems":false,"showVisualEffectGraphs":true,"m_FxEnabled":true},"in2DMode":false,"pivot":{"x":-1.9371509552001954e-7,"y":-0.3299999237060547,"z":0.04830048233270645},"rotation":{"x":0.34062108397483828,"y":0.35472267866134646,"z":-0.14061161875724793,"w":0.8592891693115234},"size":0.42732399702072146,"orthographic":true}