{"cameraMode":{"drawMode":0,"name":"Shaded","section":"Shading Mode"},"sceneLighting":false,"audioPlay":false,"sceneViewState":{"m_AlwaysRefresh":false,"showFog":false,"showSkybox":false,"showFlares":false,"showImageEffects":false,"showParticleSystems":false,"showVisualEffectGraphs":true,"m_FxEnabled":true},"in2DMode":false,"pivot":{"x":-4.76837158203125e-7,"y":0.9042659997940064,"z":0.011392325162887574},"rotation":{"x":0.001645962125621736,"y":-0.9975180625915527,"z":0.06593186408281326,"w":0.024842163547873498},"size":1.2878953218460084,"orthographic":true}